Track URI,Track Name,Album Name,Artist Name(s),Release Date,Duration (ms),Popularity,Explicit,Added By,Added At,Genres,Record Label,Danceability,Energy,Key,Loudness,Mode,Speechiness,Acousticness,Instrumentalness,Liveness,Valence,Tempo,Time Signature
spotify:track:1ff8lsrJ2kuZuofMw81EQo,"Save a Prayer - 2009 Remaster","Rio (Collector's Edition)","Duran Duran",1982-05-10,333306,76,false,31cz7zqjoco5mj43sax2be24s4a4,2026-03-01T16:20:04Z,"new wave,synthpop","Parlophone UK",0.572,0.706,9,-8.707,0,0.0283,0.35,0,0.159,0.671,113.595,4
spotify:track:3oEkrIfXfSh9zGnE7eBzSV,"The Winner Takes It All","Super Trouper","ABBA",1980,294720,89,false,31cz7zqjoco5mj43sax2be24s4a4,2026-03-01T16:20:04Z,"","Polar Music International AB",0.454,0.788,6,-6.748,1,0.0371,0.574,0.000766,0.0859,0.52,126.15,4
spotify:track:09xhawlPUifhftf8zuie7w,"Fever","Fever","Buckshot;fakemink",2025-08-22,144521,85,true,31w5z2cwgg4rheemghre3dquiabu,2026-03-09T10:00:38Z,"cloud rap","-",0.785,0.947,0,-2.24,1,0.0341,0.0458,0.00000132,0.0458,0.782,114.976,4
spotify:track:5S8jc9sCle880PjbwnEzsY,"Aoi, Koi, Daidaiiro No Hi","World Is Yours","MASS OF THE FERMENTING DREGS",2009-01-21,282173,74,false,31cz7zqjoco5mj43sax2be24s4a4,2026-03-01T16:20:04Z,"j-rock,shoegaze,japanese indie,math rock","UNIVERSAL MUSIC ARTISTS LLC",0.45,0.932,2,-2.769,0,0.0642,0.000718,0.0441,0.115,0.279,149.039,4
spotify:track:1DwscornXpj8fmOmYVlqZt,"Stateside + Zara Larsson","Fancy Some More?","PinkPantheress;Zara Larsson",2025-10-10,184761,94,false,31cz7zqjoco5mj43sax2be24s4a4,2026-03-01T16:20:04Z,"bedroom pop","Warner Records",0.676,0.664,6,-5.919,1,0.0864,0.0725,0.0000565,0.26,0.847,123.455,4
spotify:track:6dBUzqjtbnIa1TwYbyw5CM,"Lovers Rock","French Exit","TV Girl",2014-06-05,213920,89,false,31cz7zqjoco5mj43sax2be24s4a4,2026-03-01T16:20:04Z,"","TV Girl",0.559,0.871,5,-5.338,0,0.0397,0.00000753,0.00545,0.096,0.572,104.97,4
spotify:track:6jgkEbmQ2F2onEqsEhiliL,"My Kind of Woman","2","Mac DeMarco",2012-10-16,190845,84,false,31cz7zqjoco5mj43sax2be24s4a4,2026-03-01T16:20:04Z,"indie,lo-fi indie","Captured Tracks",0.501,0.765,6,-7.063,0,0.0281,0.00294,0.49,0.184,0.46,91.771,4
spotify:track:2R4AlwtrrkMaRKojcTIzmL,"For the First Time","This Old Dog","Mac DeMarco",2017-05-05,182306,85,false,31cz7zqjoco5mj43sax2be24s4a4,2026-03-01T16:20:04Z,"indie,lo-fi indie","Captured Tracks",0.551,0.529,5,-10.469,0,0.0517,0.296,0.0093,0.178,0.521,75.515,4
spotify:track:0gCkIC8Zo808SZ1BzYIGwV,"U Weren't Here I Really Miss You - slowed","U Weren't Here I Really Miss You (slowed)","Cult Member;Mia Martina",2025-01-07,188464,69,false,31cz7zqjoco5mj43sax2be24s4a4,2026-03-01T16:20:04Z,"lo-fi house","broke",0.592,0.81,5,-7.627,1,0.0711,0.104,0.918,0.559,0.323,104.514,4
spotify:track:7K3Lc3TfSR14aTOjIH7TUj,"Just The Way You Are","Just The Way You Are","Milky",2002-10-04,210070,87,false,31w5z2cwgg4rheemghre3dquiabu,2026-03-09T01:15:17Z,"","Ministry of Sound Recordings",0.669,0.965,8,-4.061,1,0.0362,0.000645,0.00556,0.263,0.973,129.998,4
spotify:track:1zquzG3zzoi0eENDlKEZHY,"Coquette Habit","Coquette Habit","Sophie Woodhouse",2024-07-27,136793,61,false,31cz7zqjoco5mj43sax2be24s4a4,2026-03-01T16:20:04Z,"","2939314 Records DK",0.499,0.404,8,-15.217,1,0.0267,0.951,0.975,0.083,0.165,131.288,4
spotify:track:3TiBcPm3ThutmQjoACdrK0,"地球ぎ (『聖闘士星矢 冥王ハーデス十二宮編』OP)","熱烈！アニソン魂 THE BEST カバー楽曲集 TVアニメシリーズ『聖闘士星矢』","まつざわゆみ",2016,247238,48,false,31cz7zqjoco5mj43sax2be24s4a4,2026-03-01T16:20:04Z,"anime","fyto inc.",0.674,0.536,7,-9.651,0,0.0302,0.36,0.000703,0.144,0.199,103.051,4
spotify:track:1KoWiQGR2ry2N1NvAN5r0M,"Stray.wav","Stray.wav","$undown",2024-12-10,102460,68,false,31cz7zqjoco5mj43sax2be24s4a4,2026-03-01T16:20:04Z,"","$undown",0.494,0.835,8,-5.252,1,0.0425,0.00564,0.944,0.504,0.737,96.02,4
spotify:track:52noeR9sobs1a0E0Z6VuUO,"Save a Prayer","Decade","Duran Duran",1989-11-20,329146,48,false,31cz7zqjoco5mj43sax2be24s4a4,2026-03-01T16:20:04Z,"new wave,synthpop","Parlophone UK",0.579,0.758,7,-6.697,1,0.0288,0.348,0.0000333,0.335,0.652,113.36,4
spotify:track:6uZm4IvkJPbETKFOjRhr1c,"I Want Things to Be Beautiful","I Want Things to Be Beautiful","Devi McCallion",2025-01-31,106860,77,false,31cz7zqjoco5mj43sax2be24s4a4,2026-03-01T16:20:04Z,"","Blacksquares Media",0.783,0.999,10,-4.247,1,0.121,0.0281,0.00805,0.0672,0.647,125.965,4
spotify:track:338vcj5hdrcNJcMf0y4Fsm,"strangers - slowed + reverb","strangers (versions)","proderics;melodybloom",2025-10-03,151000,58,false,31cz7zqjoco5mj43sax2be24s4a4,2026-03-01T16:20:04Z,"","proderics and melodybloom",0.711,0.416,7,-16.136,0,0.0448,0.811,0.309,0.107,0.724,120.017,4
spotify:track:6LUGvXEAK8WxIBYK43uoTb,"Back to the Old House - 2011 Remaster","Louder Than Bombs","The Smiths",1987,186626,84,false,31cz7zqjoco5mj43sax2be24s4a4,2026-03-01T16:20:04Z,"new wave,madchester,jangle pop","WM UK",0.626,0.488,2,-7.805,1,0.0253,0.0102,0.000188,0.141,0.404,104.13,3
spotify:track:5zgw3VsXS3FYxcgk01VihI,"Save A Prayer - Instrumental","Drew's Famous Instrumental Pop Collection (Vol. 34)","The Hit Crew",2018-05-25,336947,28,false,31cz7zqjoco5mj43sax2be24s4a4,2026-03-01T16:20:04Z,"","Drew's Entertainment",0.621,0.538,0,-13.75,1,0.033,0.0000395,0.719,0.133,0.571,113.056,4
spotify:track:7rF8OPrkBtHPWy6nAW93iQ,"Stray.wav (slowed)","Stray.wav (slowed)","$undown",2024-12-30,115006,68,false,31cz7zqjoco5mj43sax2be24s4a4,2026-03-01T16:20:04Z,"","$undown",0.427,0.778,6,-5.95,1,0.0544,0.0208,0.936,0.199,0.808,171.002,4
spotify:track:2qRMnItMLesizxbPqIwcSm,"Mai","Euphories","Videoclub",2021-01-29,217586,71,false,31cz7zqjoco5mj43sax2be24s4a4,2026-03-01T16:20:04Z,"french indie pop,french pop","Petit Lion Productions",0.624,0.645,2,-9.967,0,0.0279,0.393,0.00311,0.371,0.32,105.017,4
spotify:track:53mChDyESfwn9Dz8poHRf6,"Taking What's Not Yours","Who Really Cares","TV Girl",2016-02-25,205650,81,false,31cz7zqjoco5mj43sax2be24s4a4,2026-03-01T16:20:04Z,"","TV Girl",0.712,0.914,1,-5.675,1,0.101,0.65,0,0.0579,0.697,100.406,4
spotify:track:3IznIgmXtrUaoPWpQTy5jB,"Not Allowed","Who Really Cares","TV Girl",2016-02-25,167864,85,true,31cz7zqjoco5mj43sax2be24s4a4,2026-03-01T16:20:04Z,"","TV Girl",0.67,0.905,1,-6.855,1,0.129,0.669,0.000227,0.349,0.563,104.965,4
spotify:track:2fhOljbX79loRcdl47SFye,"Moonlight on the River","This Old Dog","Mac DeMarco",2017-05-05,422613,81,false,31cz7zqjoco5mj43sax2be24s4a4,2026-03-01T16:20:04Z,"indie,lo-fi indie","Captured Tracks",0.662,0.478,9,-8.631,1,0.0451,0.252,0.833,0.216,0.43,139.98,4
spotify:track:7H7NyZ3G075GqPx2evsfeb,"Chamber Of Reflection","Salad Days","Mac DeMarco",2014-04-01,231723,85,false,31cz7zqjoco5mj43sax2be24s4a4,2026-03-01T16:20:04Z,"indie,lo-fi indie","Captured Tracks",0.538,0.557,11,-8.678,1,0.0914,0.262,0.914,0.102,0.506,131.03,4
spotify:track:0Yfpc5zHc9pElVCQ1bPlF4,"This Love","Vulgar Display of Power","Pantera",1992,393706,74,true,31cz7zqjoco5mj43sax2be24s4a4,2026-03-01T16:20:04Z,"groove metal,metal,thrash metal,heavy metal","Atlantic Records",0.402,0.73,6,-9.327,1,0.0455,0.000312,0.323,0.103,0.296,104.527,4
spotify:track:42qNWdLKCI41S4uzfamhFM,"Duvet","Twilight","bôa",2001-03-21,203600,87,false,31cz7zqjoco5mj43sax2be24s4a4,2026-03-01T16:20:04Z,"","Nettwerk Music Group",0.583,0.888,11,-9.414,0,0.0349,0.191,0.0000458,0.0936,0.706,93.206,4
spotify:track:63Pi2NAx5yCgeLhCTOrEou,"Headlock","Speak for Yourself (Deluxe Version)","Imogen Heap",2005,215338,85,false,31cz7zqjoco5mj43sax2be24s4a4,2026-03-01T16:20:04Z,"","Megaphonic",0.808,0.372,7,-10.759,0,0.0364,0.792,0,0.119,0.787,119.982,4
spotify:track:6QeYSvYqYUsfBzsApbjDHO,"Cigarettes out the Window","Who Really Cares","TV Girl",2016-02-25,198960,87,false,31cz7zqjoco5mj43sax2be24s4a4,2026-03-01T16:20:04Z,"","TV Girl",0.625,0.659,0,-5.669,1,0.0337,0.12,0,0.17,0.594,113.551,4
spotify:track:1Bv3h7Vc4AaYA2BcSM3rVd,"All I Wanted","Brand New Eyes","Paramore",2009-09-25,225786,83,false,31cz7zqjoco5mj43sax2be24s4a4,2026-03-01T16:20:04Z,"pop punk,emo","Fueled By Ramen",0.494,0.723,6,-4.559,0,0.0441,0.0192,0.0322,0.134,0.152,144.036,4
spotify:track:0hlzl6zaN6misc6V0JbhaP,"I Don't Care","I Don't Care","VIOLENT VIRA",2021-09-24,181028,51,false,31cz7zqjoco5mj43sax2be24s4a4,2026-03-01T16:20:04Z,"","Violent Vira",0.368,0.857,1,-7.356,1,0.0777,0.0024,0,0.153,0.255,175.012,4
spotify:track:61mWefnWQOLf90gepjOCb3,"Duality","Vol. 3: The Subliminal Verses (Special Edition)","Slipknot",2004,252613,86,false,31cz7zqjoco5mj43sax2be24s4a4,2026-03-01T16:20:04Z,"nu metal,metal,alternative metal,rap metal,heavy metal","Roadrunner Records",0.354,0.982,4,-3.026,0,0.168,0.000237,0.000294,0.204,0.194,143.772,4
spotify:track:70LcF31zb1H0PyJoS1Sx1r,"Creep","Pablo Honey","Radiohead",1993-02-22,238640,94,true,31cz7zqjoco5mj43sax2be24s4a4,2026-03-01T16:20:04Z,"art rock,alternative rock","XL Recordings",0.515,0.43,7,-9.935,1,0.0372,0.0097,0.000133,0.129,0.104,91.844,4
spotify:track:3DK6m7It6Pw857FcQftMds,"Runaway","My Beautiful Dark Twisted Fantasy","Kanye West;Pusha T",2010-11-22,547733,86,true,31cz7zqjoco5mj43sax2be24s4a4,2026-03-01T16:20:04Z,"rap","Roc-A-Fella",0.374,0.568,1,-3.825,0,0.109,0.219,0.00219,0.513,0.111,84.733,4
spotify:track:0InIeZW4P6VO7dUGRM4AKH,"Sienna","Submarine","The Marías",2024-05-31,224840,88,false,31cz7zqjoco5mj43sax2be24s4a4,2026-03-01T16:20:04Z,"bedroom pop","Nice Life/Atlantic",0.685,0.468,7,-9.405,1,0.031,0.583,0.57,0.159,0.594,147.993,4
spotify:track:6PnluwP0fjGnpIBsqTdUTq,"Pretty When You Cry","Ultraviolence (Deluxe)","Lana Del Rey",2014-01-01,234146,80,true,31cz7zqjoco5mj43sax2be24s4a4,2026-03-01T16:20:04Z,"","Polydor Records",0.509,0.547,10,-6.548,0,0.0417,0.399,0,0.215,0.197,109.436,4
spotify:track:3IaklEDScVucbli28NmRhP,"everybody tells me nothing","beforeyouleave","beforeyouleave",2024-09-15,212052,39,false,31cz7zqjoco5mj43sax2be24s4a4,2026-03-01T16:20:04Z,"screamo,midwest emo","beforeyouleave",0.343,0.492,0,-8.95,1,0.0429,0.0143,0.726,0.151,0.0971,118.676,4
spotify:track:2L5ZLwbqYIBKq5ZdqUxgZg,"Roi - Instrumental","Roi","Mckyyy",2024-04-15,83333,64,false,31cz7zqjoco5mj43sax2be24s4a4,2026-03-01T16:20:04Z,"","Mckyyy",0.391,0.33,4,-16.636,1,0.0526,0.4,0.941,0.101,0.221,215.962,4
spotify:track:7LPGJhkRDEW6KopWhD8DbX,"Roi","Euphories","Videoclub;Adèle Castillon;Mattyeux",2021-01-29,224226,77,false,31cz7zqjoco5mj43sax2be24s4a4,2026-03-01T16:20:04Z,"french indie pop,french pop","Petit Lion Productions",0.705,0.467,9,-9.261,1,0.0343,0.564,0.00107,0.0969,0.27,107.993,4
spotify:track:5INzvllYMlajboTg4dcTIw,"Return to Zero Возвращайся Beztebya - Slowed Reverb","Return to Zero Возвращайся Beztebya","Marc Acardipane;angel vox;Dayerteq",2023-12-22,136000,61,false,31cz7zqjoco5mj43sax2be24s4a4,2026-03-01T16:20:04Z,"gabber,hardcore,happy hardcore","Planet Phuture",0.654,0.863,11,-7.695,0,0.0401,0.649,0.918,0.426,0.327,120.073,4
spotify:track:2mHngbc9wHeVuJr59VCV2h,"Char","Amnesty (I)","Crystal Castles",2016-08-19,188333,66,false,31cz7zqjoco5mj43sax2be24s4a4,2026-03-01T16:20:04Z,"witch house,electroclash,new rave,alternative dance","[PIAS] Recordings Catalogue",0.646,0.843,8,-6.644,0,0.131,0.018,0.0733,0.32,0.351,100.004,4
spotify:track:12oxsGACfwMozi4nK9noGQ,"Suffocation","Crystal Castles (II)","Crystal Castles",2010-01-01,242293,74,false,31cz7zqjoco5mj43sax2be24s4a4,2026-03-01T16:20:04Z,"witch house,electroclash,new rave,alternative dance","[PIAS] Recordings Catalogue",0.543,0.705,11,-5.779,1,0.0296,0.00251,0.0341,0.21,0.163,119.942,4
spotify:track:3KZTPBbTMFLNbfoQoxEpXn,"tower of memories","the theory of you","ivri",2025-08-14,208510,75,false,31cz7zqjoco5mj43sax2be24s4a4,2026-03-01T16:20:04Z,"","ivri",0.439,0.835,2,-5.045,1,0.0642,0.00794,0.0395,0.362,0.171,80.55,4
spotify:track:5Qv2Nby1xTr9pQyjkrc94J,"All I Need","In Rainbows","Radiohead",2007-12-28,228746,83,false,31cz7zqjoco5mj43sax2be24s4a4,2026-03-01T16:20:04Z,"art rock,alternative rock","XL Recordings",0.67,0.478,4,-8.689,0,0.0355,0.531,0.428,0.138,0.0997,88.014,4
spotify:track:5hxcxipGOjgTzrPOkfsyyS,"Xerces","Saturday Night Wrist","Deftones",2006-10-25,221800,71,false,31cz7zqjoco5mj43sax2be24s4a4,2026-03-01T16:20:04Z,"nu metal,alternative metal,rap metal,rock,shoegaze","Maverick",0.547,0.736,7,-5.267,0,0.0346,0.000598,0.25,0.469,0.252,120.041,4
spotify:track:5UWwZ5lm5PKu6eKsHAGxOk,"Everlong","The Colour And The Shape","Foo Fighters",1997-05-20,250546,89,false,31cz7zqjoco5mj43sax2be24s4a4,2026-03-01T16:20:04Z,"post-grunge,rock,alternative rock,grunge","RCA Records Label",0.413,0.881,11,-5.541,0,0.0367,0.0000599,0.000308,0.0805,0.364,158.066,4
spotify:track:1SHB1hp6267UK9bJQUxYvO,"Судно (Борис Рыжий)","Этажи","Molchat Doma",2018-09-07,141394,75,true,31cz7zqjoco5mj43sax2be24s4a4,2026-03-01T16:20:04Z,"post-punk,darkwave,cold wave,gothic rock","Sacred Bones Records",0.484,0.75,1,-4.176,1,0.0685,0.697,0.862,0.105,0.467,159.992,4
spotify:track:4nvsRb9ypaqqDXcZxjn6ba,"Клетка","Этажи","Molchat Doma",2018-09-07,283485,66,false,31cz7zqjoco5mj43sax2be24s4a4,2026-03-01T16:20:04Z,"post-punk,darkwave,cold wave,gothic rock","Sacred Bones Records",0.505,0.751,2,-4.139,1,0.0411,0.628,0.889,0.0813,0.388,129.915,4
spotify:track:2ASygm7048ssav4ekbehPS,"Beware","Saturday Night Wrist","Deftones",2006-10-25,360666,73,false,31cz7zqjoco5mj43sax2be24s4a4,2026-03-01T16:20:04Z,"nu metal,alternative metal,rap metal,rock,shoegaze","Maverick",0.265,0.714,8,-5.393,1,0.0375,0.000129,0.432,0.137,0.1,145.156,4
spotify:track:1MxdBJ69LuEx5cI4w2K7JS,"war","We Are Not Friends","We Are Not Friends;Nextime",2024-05-24,159374,56,false,31cz7zqjoco5mj43sax2be24s4a4,2026-03-01T16:20:04Z,"shoegaze","We Are Not Friends 2024 NEXTIME MEDIA LLC",0.569,0.666,9,-3.198,1,0.0296,0.00033,0.842,0.0645,0.106,127.972,4
spotify:track:1acjIzGS1YUrx6nSuktnqU,"Safe In Your Skin","Shed","Title Fight",2011-05-03,154800,37,false,31cz7zqjoco5mj43sax2be24s4a4,2026-03-01T16:20:04Z,"midwest emo,shoegaze,post-hardcore,melodic hardcore,emo","SideOneDummy Records",0.437,0.252,0,-11.114,1,0.0787,0.664,0.908,0.181,0.255,108.881,4
spotify:track:6slWUMiyoNNWcQGu6tkTlH,"Leni (Crystal Castles vs GoodBooks)","Control Freaks (The Remixes)","GoodBooks;Crystal Castles",2021-11-18,256398,71,false,31cz7zqjoco5mj43sax2be24s4a4,2026-03-01T16:20:04Z,"witch house,electroclash,new rave,alternative dance","GoodBooks",0.642,0.641,6,-6.619,0,0.0312,0.0627,0.00289,0.0627,0.55,119.938,4
spotify:track:2R3heksil8zmzSFUwYQIPC,"Empathy","Crystal Castles (II)","Crystal Castles",2010-01-01,251106,68,false,31cz7zqjoco5mj43sax2be24s4a4,2026-03-01T16:20:04Z,"witch house,electroclash,new rave,alternative dance","[PIAS] Recordings Catalogue",0.511,0.903,7,-5.523,0,0.0306,0.12,0.515,0.431,0.332,109.958,4
spotify:track:3runnm7eT71GCu8AwyeMtB,"Сладко","11","SEREBRO",2024-07-19,239413,69,false,31cz7zqjoco5mj43sax2be24s4a4,2026-03-01T16:20:04Z,"","MALFA",0.719,0.782,9,-4.841,0,0.0287,0.00474,0.000391,0.155,0.362,119.01,4
spotify:track:0oxYB9GoOIDrdzniNdKC44,"When the Sun Hits","Souvlaki","Slowdive",1993,285906,79,false,31cz7zqjoco5mj43sax2be24s4a4,2026-03-01T16:20:04Z,"shoegaze,dream pop,slowcore","Creation Records",0.33,0.532,2,-11.764,1,0.0263,0.00101,0.709,0.101,0.218,93.512,4
spotify:track:3K4HG9evC7dg3N0R9cYqk4,"One Step Closer","Hybrid Theory (Bonus Edition)","Linkin Park",2000-10-24,157333,86,false,31cz7zqjoco5mj43sax2be24s4a4,2026-03-01T16:20:04Z,"nu metal,rap metal,rock,alternative metal","Warner Records",0.492,0.969,9,-4.419,1,0.0491,0.0014,0.00000132,0.0787,0.538,95.136,4
spotify:track:4e9eGQYsOiBcftrWXwsVco,"Aerials","Toxicity","System Of A Down",2001-09-04,235053,87,false,31cz7zqjoco5mj43sax2be24s4a4,2026-03-01T16:20:04Z,"nu metal,metal,alternative metal,rap metal,rock","American/Columbia",0.364,0.922,0,-4.217,0,0.0567,0.000915,0.0346,0.0697,0.227,79.342,4
spotify:track:42T2QQv3xgBlpQxaSP7lnK,"One Last Breath","Weathered","Creed",2001-01-01,238240,86,false,31cz7zqjoco5mj43sax2be24s4a4,2026-03-01T16:20:04Z,"post-grunge","The Bicycle Music Company",0.386,0.677,2,-5.83,1,0.0346,0.00841,0.00366,0.341,0.195,126.602,4
spotify:track:6oowAH0MKFW7hXDzikZdNc,"nothing left","The sun will rise again like nothing's wrong.","We Are Not Friends;Nextime",2025-02-10,160000,54,false,31cz7zqjoco5mj43sax2be24s4a4,2026-03-01T16:20:04Z,"shoegaze","NEXTIME MEDIA LLC",0.758,0.65,3,-7.131,0,0.0282,0.893,0.845,0.114,0.266,122.997,4
spotify:track:2xt2piJx6jlFkjS77YiqpL,"Like a Stone","Audioslave","Audioslave",2002,293960,81,false,31cz7zqjoco5mj43sax2be24s4a4,2026-03-01T16:20:04Z,"grunge,post-grunge,alternative metal","Epic",0.614,0.568,7,-5.477,0,0.0276,0.00797,0,0.0997,0.516,107.849,4
spotify:track:2EoOZnxNgtmZaD8uUmz2nD,"Black Hole Sun","Superunknown (Deluxe Edition)","Soundgarden",1994-03-09,318586,80,false,31cz7zqjoco5mj43sax2be24s4a4,2026-03-01T16:20:04Z,"grunge,post-grunge,hard rock","Geffen",0.35,0.828,6,-5.373,1,0.041,0.000217,0.000161,0.0774,0.147,105.435,4
spotify:track:0YLHyxLJViaLW7BKx9yVRl,"did i tell u that i miss u - slowed","did i tell u that i miss u","adore",2024-05-30,137854,63,false,31cz7zqjoco5mj43sax2be24s4a4,2026-03-01T16:20:04Z,"","broke",0.555,0.736,6,-7.909,1,0.0394,0.187,0.137,0.178,0.254,94.025,4
spotify:track:7FOfp3MtblyxWznO8VLjRc,"all the things she said - nightcore - slowed","all the things she said (nightcore)","velours",2025-01-07,84507,54,false,31cz7zqjoco5mj43sax2be24s4a4,2026-03-01T16:20:04Z,"","velours.",0.51,0.995,11,-5.899,1,0.0404,0.000105,0.941,0.343,0.338,127.794,4
spotify:track:0M955bMOoilikPXwKLYpoi,"I Hate Everything About You","Three Days Grace","Three Days Grace",2003-04-19,231480,86,false,31cz7zqjoco5mj43sax2be24s4a4,2026-03-01T16:20:04Z,"post-grunge,rock","Jive",0.498,0.83,6,-5.157,0,0.0421,0.00461,0,0.139,0.453,89.342,4
spotify:track:1158ckiB5S4cpsdYHDB9IF,"My Own Summer (Shove It)","Around the Fur","Deftones",1997-10-27,214760,85,false,31cz7zqjoco5mj43sax2be24s4a4,2026-03-01T16:20:04Z,"nu metal,alternative metal,rap metal,rock,shoegaze","Maverick",0.443,0.781,1,-4.277,1,0.0377,0.0000133,0.205,0.166,0.372,71.841,4
spotify:track:0CRZ3cFFZEUglP5RlU2f9o,"Yugoslavskiy Groove","Softic","Soft Blade",2021-08-06,244000,64,false,31cz7zqjoco5mj43sax2be24s4a4,2026-03-01T16:20:04Z,"witch house,lo-fi house","Soft Blade",0.534,0.538,11,-11.332,0,0.0396,0.656,0.899,0.164,0.07,119.968,4
spotify:track:0hta2Lb2zKJ7kEnAEZEE3G,"Nope your too late i already died","suburban daredevil","wifiskeleton;i wanna be a jack-o-lantern",2024-10-22,90067,87,false,31cz7zqjoco5mj43sax2be24s4a4,2026-03-01T16:20:04Z,"","9th St. / Hallwood",0.704,0.597,4,-10.458,0,0.036,0.105,0.00835,0.264,0.978,119.993,4
spotify:track:0yOf4dgkVq8jbB2zxVK8Zj,"August 10","Broken Girl","Julie Doiron",1996-04-01,178000,78,false,31cz7zqjoco5mj43sax2be24s4a4,2026-03-01T16:20:04Z,"slowcore","Jagjaguwar",0.511,0.0641,7,-15.943,1,0.0418,0.0394,0.0092,0.0897,0.35,115.351,4
spotify:track:4bLCPfBLKlqiONo6TALTh5,"Entombed","Koi No Yokan","Deftones",2012-11-09,299240,81,false,31cz7zqjoco5mj43sax2be24s4a4,2026-03-01T16:20:04Z,"nu metal,alternative metal,rap metal,rock,shoegaze","Reprise",0.399,0.753,10,-3.882,1,0.0375,0.00593,0.128,0.366,0.167,130.055,4
spotify:track:51c94ac31swyDQj9B3Lzs3,"Change (In the House of Flies)","White Pony","Deftones",2000,299533,85,false,31cz7zqjoco5mj43sax2be24s4a4,2026-03-01T16:20:04Z,"nu metal,alternative metal,rap metal,rock,shoegaze","Rhino",0.269,0.853,7,-4.647,0,0.0854,0.000249,0.000246,0.118,0.179,141.581,4
spotify:track:3tYxhPqkioZEV5el3DJxLQ,"Youngest Daughter","Jar","Superheaven",2013-04-05,249514,80,false,31cz7zqjoco5mj43sax2be24s4a4,2026-03-01T16:20:04Z,"shoegaze,post-grunge","Run For Cover Records",0.492,0.762,8,-6.813,1,0.0388,0.000551,0.125,0.366,0.413,129.682,4
spotify:track:6wF1rPeGa5a7kyWO80P0AP,"Save the World","Save the World","We Are Not Friends;Nextime",2024-10-15,128955,63,false,31cz7zqjoco5mj43sax2be24s4a4,2026-03-01T16:20:04Z,"shoegaze","NEXTIME MEDIA LLC",0.826,0.522,0,-7.328,1,0.0384,0.152,0.874,0.108,0.113,134.1,4
spotify:track:70L6nHORQsblY813yNqUR3,"Cherry Waves","Saturday Night Wrist","Deftones",2006-10-25,317706,82,false,31cz7zqjoco5mj43sax2be24s4a4,2026-03-01T16:20:04Z,"nu metal,alternative metal,rap metal,rock,shoegaze","Maverick",0.47,0.859,2,-3.663,1,0.0537,0.000362,0.00691,0.142,0.17,124.01,4
spotify:track:4cLdpErILMO8Db8pQVAVcZ,"Mascara","Around the Fur","Deftones",1997-10-27,225293,77,false,31cz7zqjoco5mj43sax2be24s4a4,2026-03-01T16:20:04Z,"nu metal,alternative metal,rap metal,rock,shoegaze","Maverick",0.472,0.446,5,-7.416,0,0.0354,0.00273,0.0606,0.091,0.0456,77.562,4
spotify:track:1EryAkZ0VHstC6haIxVBiE,"Sextape","Diamond Eyes","Deftones",2010-04-30,241533,83,false,31cz7zqjoco5mj43sax2be24s4a4,2026-03-01T16:20:04Z,"nu metal,alternative metal,rap metal,rock,shoegaze","Reprise",0.367,0.634,5,-6.475,1,0.027,0.000824,0.0759,0.116,0.0964,89.981,4
spotify:track:4Uiw0Sl9yskBaC6P4DcdVD,"Be Quiet and Drive (Far Away)","Around the Fur","Deftones",1997-10-27,299866,83,false,31cz7zqjoco5mj43sax2be24s4a4,2026-03-01T16:20:04Z,"nu metal,alternative metal,rap metal,rock,shoegaze","Maverick",0.206,0.965,1,-5.116,1,0.079,0.00000991,0.827,0.367,0.168,92.615,4
spotify:track:5v3Dv4UlDOGaXlvphFpkIX,"Hello Juliet","Clarion","Clarion",2024-07-02,208000,74,false,31cz7zqjoco5mj43sax2be24s4a4,2026-03-01T16:20:04Z,"shoegaze","broke",0.334,0.992,3,-4.284,1,0.106,0.000171,0.111,0.153,0.227,138.991,4
spotify:track:0j3mqDTK4Z6lvrLzFCUUz6,"Good Looking","Good Looking","Suki Waterhouse",2022-08-18,214800,13,false,31cz7zqjoco5mj43sax2be24s4a4,2026-03-01T16:20:04Z,"","Sub Pop Records",0.365,0.554,4,-9.076,1,0.03,0.079,0.000358,0.125,0.259,150.11,3
spotify:track:0KdEx2ETCXYZeEVAZS4sJ4,"wonder if you care","wonder if you care","flyingfish",2023-04-28,134556,67,false,31cz7zqjoco5mj43sax2be24s4a4,2026-03-08T17:36:22Z,"shoegaze","flyingfish",0.426,0.67,5,-8.947,0,0.0353,0.0000215,0.706,0.124,0.179,78.487,4
spotify:track:4NUhcsz9E1LrBe8nXLZqzp,"It Almost Worked","The Night in Question: French Exit Outtakes","TV Girl",2020-05-01,152000,80,false,31cz7zqjoco5mj43sax2be24s4a4,2026-03-08T17:36:38Z,"","TV Girl",0.673,0.886,9,-4.347,1,0.0282,0.302,0.348,0.0792,0.679,140.586,4
spotify:track:4VedfquAzkjR15ntcWmNfL,"Petals","Celebrity Skin","Hole",1998-01-01,329240,74,false,31cz7zqjoco5mj43sax2be24s4a4,2026-03-08T17:36:38Z,"riot grrrl,grunge","DGC",0.449,0.824,4,-6.567,0,0.0403,0.0000518,0.0337,0.368,0.223,114.907,4
spotify:track:3fuyYaLhZ2RoP9eWpvfP1H,"A New Kind Of Love - Demo","A New Kind Of Love (Demo)","Frou Frou;Imogen Heap;Guy Sigsworth",2022-04-08,259071,82,false,31w5z2cwgg4rheemghre3dquiabu,2026-03-08T17:37:28Z,"","Megaphonic",0.674,0.487,9,-13.307,1,0.0331,0.169,0.00411,0.127,0.329,132.97,4
spotify:track:5ZuYVvvJ5uyS8dyWppO2TZ,"夢旅人","アコギな二人旅だぜ!! ライブアルバム～第一章 旅立ち～","Hironobu Kageyama",2002-02-06,289093,0,false,31w5z2cwgg4rheemghre3dquiabu,2026-03-13T11:59:08Z,"anime","Lantis",0.344,0.4,9,-11.439,0,0.048,0.77,0.0000011,0.713,0.28,131.137,4
spotify:track:6k59dKYddaui0cJ5tFqgtw,"聖闘士神話 ～ソルジャー・ドリーム～","POWER LIVE '98","Hironobu Kageyama",1998-11-18,219026,37,false,31w5z2cwgg4rheemghre3dquiabu,2026-03-13T11:59:25Z,"anime","first smile entertainment ltd.",0.251,0.939,7,-6.197,1,0.0982,0.0826,0,0.934,0.577,166.91,4
spotify:track:5kXNHDFFNv0tVf1dhckoZF,"花の鎖","聖闘士星矢 THE LOST CANVAS 冥王神話 主題歌集","生乃麻紀;Marina del ray",2009-07-25,246816,39,false,31w5z2cwgg4rheemghre3dquiabu,2026-03-13T15:39:26Z,"anime","東京ムービー・レコード",0.376,0.585,3,-5.005,0,0.0337,0.174,0,0.143,0.448,171.995,4
spotify:track:0luw44Of3IgnW2CHRnW2f7,"resonance - midwest emo version","resonance (midwest emo version)","jacal",2023-06-30,219024,69,false,31w5z2cwgg4rheemghre3dquiabu,2026-03-14T19:01:44Z,"","Home",0.24,0.817,8,-4.714,1,0.0275,0.00113,0.899,0.107,0.288,85.048,4
spotify:track:0ccbLXnIFSRzHcALyvPtde,"lilacs - slowed","lilacs - slowed","azrxel;abxddon",2024-10-10,70866,62,false,31w5z2cwgg4rheemghre3dquiabu,2026-03-14T19:51:41Z,"","unmatched.",0.606,0.827,0,-11.128,0,0.0294,0.0645,0.775,0.106,0.551,101.58,4
spotify:track:6yV3akSoxxh006bFLHPfVW,"#voyuitwaaien - SUPER slowed -pitch","#voyuitwaaien Remixes","latex fruit",2025-03-13,114091,70,false,31w5z2cwgg4rheemghre3dquiabu,2026-03-14T20:11:57Z,"breakcore","broke",0.634,0.968,0,-0.91,1,0.037,0.103,0.417,0.0991,0.365,138.837,4
spotify:track:2Q4hl7psP5tVG6rOYZk0m0,"Knights","Crystal Castles","Crystal Castles",2008-03-18,193706,66,false,31w5z2cwgg4rheemghre3dquiabu,2026-03-15T01:52:28Z,"witch house,electroclash,new rave,alternative dance","Last Gang",0.605,0.588,8,-5.924,0,0.0339,0.0000143,0.609,0.0927,0.81,111.989,4
spotify:track:4t9vB7wIKWE5jIhjcztmmd,"Iris","Ethereality","Pastel Ghost",2018-10-05,218384,72,false,31w5z2cwgg4rheemghre3dquiabu,2026-03-19T00:45:05Z,"witch house,darkwave","Many Hats Distribution",0.534,0.855,8,-7.578,0,0.0342,0.00043,0.893,0.0996,0.601,117.987,4
spotify:track:7JEzAlwHhCD2M1cYE6BeqJ,"Loving Machine","Who Really Cares","TV Girl",2016-02-25,227000,84,false,31w5z2cwgg4rheemghre3dquiabu,2026-03-19T00:45:07Z,"","TV Girl",0.58,0.69,0,-9.52,1,0.0267,0.568,0.0221,0.226,0.922,89.981,4
spotify:track:1FxmJ9hQ0nVrOI19SChpi8,"Loose Cannon","X Hail","Puzzle",2019-01-19,177000,72,false,31w5z2cwgg4rheemghre3dquiabu,2026-03-19T00:45:23Z,"","Vada Vada",0.593,0.898,11,-3.245,0,0.0427,0.0405,0.000095,0.346,0.308,110.083,4
spotify:track:5vVKkF3xih38Vcoo4HgAo8,"Engine No. 9","Adrenaline","Deftones",1995,204880,73,true,31w5z2cwgg4rheemghre3dquiabu,2026-03-20T10:37:31Z,"nu metal,alternative metal,rap metal,rock,shoegaze","Rhino",0.358,0.981,2,-5.13,1,0.178,0.000093,0.000193,0.386,0.382,93.744,4
spotify:track:0yljUudXzjVcGEoYmLB17X,"Genesis","Visions","Grimes",2012-03-12,255320,76,false,31w5z2cwgg4rheemghre3dquiabu,2026-03-21T20:30:12Z,"art pop","4AD",0.611,0.677,10,-6.745,0,0.034,0.0764,0.0698,0.241,0.233,166.04,4
spotify:track:0WQiDwKJclirSYG9v5tayI,"There Is a Light That Never Goes Out - 2011 Remaster","The Queen Is Dead","The Smiths",1986-06-16,244586,86,false,31w5z2cwgg4rheemghre3dquiabu,2026-03-21T20:37:11Z,"new wave,madchester,jangle pop","WM UK",0.523,0.769,4,-5.855,1,0.0269,0.04,0,0.136,0.876,136.162,4
spotify:track:4FEr6dIdH6EqLKR0jB560J,"Rosemary","Koi No Yokan","Deftones",2012-11-09,413346,79,false,31w5z2cwgg4rheemghre3dquiabu,2026-03-23T00:15:36Z,"nu metal,alternative metal,rap metal,rock,shoegaze","Reprise",0.285,0.613,5,-6.412,1,0.0421,0.0185,0.1,0.114,0.0772,126.628,4
spotify:track:72PiRRx2A5AIkTTAzOuvug,"Loose Cannon - Instrumental","Loose Cannon (Instrumental)","Veylow",2025-06-02,99272,41,false,31w5z2cwgg4rheemghre3dquiabu,2026-03-23T10:45:45Z,"nightcore","Veylow",0.542,0.757,5,-15.431,1,0.0281,0.162,0.851,0.139,0.376,109.984,4
spotify:track:6nmDEbjMZru5j55HIkX2yZ,"Diamond Eyes","Diamond Eyes","Deftones",2010-04-30,188266,73,false,31w5z2cwgg4rheemghre3dquiabu,2026-03-25T10:25:18Z,"nu metal,alternative metal,rap metal,rock,shoegaze","Reprise",0.331,0.845,8,-4.876,1,0.0551,0.000109,0.000212,0.0758,0.468,153.484,3
spotify:track:5jztuiRR4sGzlXATycRV3N,"Sayonara Cross Teck","Therapy","Miraidempa",2018-02-18,160434,65,false,31w5z2cwgg4rheemghre3dquiabu,2026-03-25T10:36:57Z,"shoegaze","Miraidempa",0.174,0.727,9,-5.28,1,0.0411,0.0327,0.946,0.31,0.165,183.892,4
spotify:track:18j6GCxt5aFKbYqdvksL7N,"worry - ultra slowed","worry (ultra slowed)","LONOWN;riserayss",2026-03-13,255591,84,false,31w5z2cwgg4rheemghre3dquiabu,2026-03-31T09:39:45Z,"phonk,witch house,electroclash","ARCADIA",0.535,0.551,5,-6.334,1,0.0328,0.233,0.841,0.214,0.247,139.011,4
spotify:track:2r5XS1YoCgYq4uHvHxbVxz,"It's Snowing Like It's the End of the World","Little Victories","Krobak",2013-09-08,710612,68,false,31w5z2cwgg4rheemghre3dquiabu,2026-04-05T23:51:08Z,"post-rock","Krobak",0.215,0.411,2,-9.16,0,0.0372,0.643,0.877,0.161,0.0394,96.943,4
spotify:track:28DBPgLD7pUjGA561yzd8X,"Neoperreo","Neoperreo","Secret Society;ALIC3E",2025-02-24,121570,73,false,31w5z2cwgg4rheemghre3dquiabu,2026-04-08T01:40:32Z,"","Intercord",0.682,0.966,10,-6.076,1,0.03,0.0433,0.916,0.164,0.803,120.96,4
spotify:track:0YvtuzxqHtn4f5cEQnBKJC,"three","2017 Archives","Cult Member",2024-07-30,60952,68,false,31w5z2cwgg4rheemghre3dquiabu,2026-04-09T09:59:28Z,"lo-fi house","Cult Member",0.815,0.936,11,-6.337,0,0.18,0.113,0.9,0.11,0.55,125.97,4
spotify:track:6kDyRP48g1KWahq8irqZF9,"Sweet to Dream","Summer's Over","Jordana;TV Girl",2021-10-13,175000,62,false,31w5z2cwgg4rheemghre3dquiabu,2026-04-09T22:48:05Z,"","Summer's Over",0.488,0.489,8,-12.933,0,0.0375,0.594,0.509,0.106,0.611,159.856,4
spotify:track:4B91GOanAvzgo7bG8F79UR,"November Cold","I Used To Be","Crossing i's Dotting t's",2023-10-26,197413,57,false,31w5z2cwgg4rheemghre3dquiabu,2026-04-11T17:42:44Z,"","Cleopatra Records",0.477,0.728,10,-4.657,0,0.0301,0.00133,0.108,0.0762,0.379,135.064,4
spotify:track:4b0fiEZg92FBFYze5uEx0l,"Sometimes","Sometimes","Mattyeux;Princess Chelsea;Videoclub",2022-06-24,209746,79,false,31w5z2cwgg4rheemghre3dquiabu,2026-04-12T06:17:42Z,"french indie pop,french pop,baroque pop","Cathodic Prod",0.566,0.52,7,-9.444,1,0.0345,0.456,0.00167,0.0938,0.44,171.885,4
spotify:track:0n20laNpcg84CViNdXbwsE,"Waiting","Waiting","leverfall",2025-01-15,61522,73,false,31w5z2cwgg4rheemghre3dquiabu,2026-04-15T10:33:11Z,"","leverfall",0.553,0.553,2,-12.499,1,0.031,0.957,0.902,0.163,0.159,101.396,4
spotify:track:72CobydtYyIQrkZ2Jdo289,"B.O.T.A. (Baddest Of Them All) [feat. Eliza Rose & Interplanetary Criminal] [Slowed Down Version]","B.O.T.A. (Baddest Of Them All) [feat. Eliza Rose & Interplanetary Criminal] [Slowed Down Version]","slowed down audioss;Eliza Rose;Interplanetary Criminal",2022-09-23,294447,39,false,31w5z2cwgg4rheemghre3dquiabu,2026-04-17T09:44:40Z,"jersey club,house,uk garage,breakbeat","Warner Records",0.743,0.72,0,-7.937,1,0.0336,0.372,0.282,0.131,0.596,104.992,4
spotify:track:3NhgHNQpDPopKaW4utQtSO,"It Can't Come Quickly Enough","Scissor Sisters","Scissor Sisters",2004-02-02,279533,61,false,31w5z2cwgg4rheemghre3dquiabu,2026-04-23T16:09:13Z,"","UMC (Universal Music Catalogue)",0.705,0.84,5,-6.793,0,0.0555,0.147,0.00000141,0.111,0.436,102.175,4
spotify:track:0Ubp7kMZ6MWZIL8qkloYub,"Warmpop","200% Electronica","ESPRIT 空想;George Clanton",2017-11-17,172374,72,false,31w5z2cwgg4rheemghre3dquiabu,2026-04-23T20:51:39Z,"vaporwave,plunderphonics,chillwave","100% Electronica LLC",0.423,0.771,1,-8.259,1,0.0665,0.000208,0.852,0.371,0.194,90.1,4
spotify:track:2LtRbqfF1sq4T3Wx0lhp5d,"Kagefumi","Kagefumi","lucid",2024-08-16,122687,58,true,31w5z2cwgg4rheemghre3dquiabu,2026-04-27T10:10:44Z,"","skoomy",0.552,0.524,9,-16.534,1,0.0435,0.00275,0.839,0.0923,0.413,169.913,4
spotify:track:2HfWgYYRHXdJkN8kYnrX04,"Join Me (In Death)","XX - Two Decades of Love Metal","HIM",2012-11-06,217986,60,false,31cz7zqjoco5mj43sax2be24s4a4,2026-03-01T16:20:04Z,"gothic metal,gothic rock,finnish rock","BMG Rights Management (US) LLC",0.611,0.759,8,-4.64,0,0.0319,0.0205,0.00000931,0.132,0.548,113.832,4
spotify:track:2X485T9Z5Ly0xyaghN73ed,"Let It Happen","Currents","Tame Impala",2015-07-17,467586,87,false,31w5z2cwgg4rheemghre3dquiabu,2026-04-27T10:21:12Z,"neo-psychedelic,indie","Universal Music Australia Pty. Ltd.",0.602,0.881,1,-5.875,0,0.0443,0.00462,0.0266,0.111,0.577,125.012,4
spotify:track:1UNEuG9DYOWiikf00ayr52,"Love Me Not","Love Me Not / Love Is Blind","Ravyn Lenae",2024-05-03,213466,88,false,31w5z2cwgg4rheemghre3dquiabu,2026-04-27T17:40:34Z,"alternative r&b,indie soul","Atlantic Records",0.786,0.741,0,-6.147,1,0.0309,0.293,0,0.132,0.816,113.98,4
spotify:track:33KU9huHP1Lv1UWWVkuTYd,"Impostor Syndrome","No Dogs Allowed","Sidney Gish",2017-12-31,294260,89,true,31w5z2cwgg4rheemghre3dquiabu,2026-04-28T10:26:34Z,"bedroom pop","Many Hats Distribution",0.717,0.566,7,-9.166,1,0.0329,0.597,0.00000435,0.205,0.731,114.976,4
spotify:track:548SjIaN7BQqNStIsL8GpG,"Gucci Flip Flops x Careless Whisper - Viral Version","Gucci Flip Flops x Careless Whisper","Moonshine",2026-04-28,157049,36,false,31w5z2cwgg4rheemghre3dquiabu,2026-04-30T00:14:50Z,"tekno","Ravex Records",0.661,0.998,9,-5.575,0,0.146,0.0642,0.000489,0.32,0.503,80.008,4
spotify:track:751srcHf5tUqcEa9pRCQwP,"Tek It","Running","Cafuné",2021-07-20,191823,84,false,31w5z2cwgg4rheemghre3dquiabu,2026-04-30T10:11:14Z,"","Elektra (NEK)",0.423,0.913,8,-5.354,1,0.0655,0.0000653,0,0.269,0.596,146.995,4
spotify:track:2wk4LD37JQykjZB7vHABDX,"Deucalion no Daikouzui","Deucalion no Daikouzui","Seiji Yokoyama",2023-02-17,258966,41,false,31w5z2cwgg4rheemghre3dquiabu,2026-05-01T02:39:16Z,"anime","Inory Music",0.221,0.459,9,-9.608,0,0.0293,0.129,0.515,0.284,0.187,143.696,4
spotify:track:2aaCNg42RA74s0EmHTBqS7,"No Other Heart","Another One","Mac DeMarco",2015-08-07,173117,84,false,31w5z2cwgg4rheemghre3dquiabu,2026-05-01T03:07:00Z,"indie,lo-fi indie","Captured Tracks",0.67,0.684,2,-7.47,1,0.0242,0.513,0.0103,0.126,0.852,94.261,4
spotify:track:4cpEwUqg9QIjSJ2m5giV20,"Pretty Scene Girl!","Pretty Scene Girl!","Clover!",2023-12-27,132923,71,false,31w5z2cwgg4rheemghre3dquiabu,2026-05-02T20:04:44Z,"hyperpop,nightcore","Clover!",0.532,0.851,8,-12.143,0,0.0783,0.0584,0,0.745,0.543,82.538,4
spotify:track:0IjdXwCEhZR7JIwq6Za8j5,"Jane!","Jane!","The Long Faces",2018-07-03,186986,89,false,31w5z2cwgg4rheemghre3dquiabu,2026-05-03T06:23:41Z,"","North West Sound Recordings",0.483,0.542,1,-10.928,0,0.0365,0.0213,0.00000129,0.105,0.744,146.099,4
spotify:track:7mZZZ7uLhi8df4xinKOu0Q,"Eva","Radio Taxi","Radio Taxi",1983-07-13,209133,58,false,31w5z2cwgg4rheemghre3dquiabu,2026-05-05T17:46:13Z,"brazilian rock,mpb,brazilian pop","Sony Music Entertainment",0.557,0.471,2,-10.624,1,0.0302,0.106,0,0.311,0.319,99.906,4
spotify:track:3jjsRKEsF42ccXf8kWR3nu,"Washing Machine Heart","Be the Cowboy","Mitski",2018-08-17,128198,85,false,31w5z2cwgg4rheemghre3dquiabu,2026-05-08T00:35:57Z,"","Dead Oceans",0.613,0.822,9,-4.087,1,0.026,0.0092,0.506,0.429,0.567,105.997,4
spotify:track:3siwsiaEoU4Kuuc9WKMUy5,"No One Noticed","Submarine","The Marías",2024-05-31,236906,90,false,31w5z2cwgg4rheemghre3dquiabu,2026-05-18T16:31:22Z,"bedroom pop","Nice Life/Atlantic",0.705,0.339,7,-10.612,1,0.0278,0.552,0.0814,0.12,0.457,97.989,4
spotify:track:72cGBEqu7RitIOoACXYjfR,"The Blonde","French Exit","TV Girl",2014-06-05,227760,82,false,31w5z2cwgg4rheemghre3dquiabu,2026-05-19T10:01:52Z,"","TV Girl",0.501,0.547,1,-7.961,0,0.0243,0.225,0.912,0.288,0.225,87.692,4
spotify:track:1mSxbLW7fKABfeY4lGpg0E,"Velha Infância - 2004 Digital Remaster","Tribalistas","Tribalistas",2002-01-01,250440,74,false,31w5z2cwgg4rheemghre3dquiabu,2026-05-20T16:44:17Z,"mpb,new mpb","Phonomotor",0.442,0.616,6,-8.128,0,0.0353,0.457,0.000168,0.144,0.565,113.02,4
spotify:track:2B5lvFUfueA0lWu79JONUJ,"João E Maria","Nara Leão Naturalmente","Nara Leão;Chico Buarque",2009-01-01,143040,55,false,31w5z2cwgg4rheemghre3dquiabu,2026-05-20T17:36:51Z,"bossa nova,mpb,brazilian jazz,samba","Universal Music Ltda.",0.529,0.429,0,-9.025,0,0.0344,0.805,0.00243,0.0996,0.592,114.74,3
spotify:track:3FAclTFfvUuQYnEsptbK8w,"Back To Black","Back To Black (Deluxe Edition)","Amy Winehouse",2006,241293,80,true,31w5z2cwgg4rheemghre3dquiabu,2026-05-24T18:37:58Z,"","Universal-Island Records Ltd.",0.434,0.422,7,-13.964,0,0.0375,0.134,0.0000205,0.0861,0.377,123.201,4
spotify:track:1QFh8OH1e78dGd3VyJZCAC,"Boys Don't Cry","Three Imaginary Boys","The Cure",1979-05-11,155973,87,false,31w5z2cwgg4rheemghre3dquiabu,2026-05-24T18:38:13Z,"new wave,post-punk,gothic rock,darkwave","UMC (Universal Music Catalogue)",0.462,0.836,11,-5.766,0,0.0621,0.00517,0,0.18,0.671,168.766,4
spotify:track:6cyo6nZ2gs6ht86gMn2xnJ,"The Void Night Theme","The Void Night Theme","aerune",2024-01-01,69728,29,false,31w5z2cwgg4rheemghre3dquiabu,2026-05-26T22:28:38Z,"","Octiive",0.299,0.208,5,-20.48,1,0.0479,0.992,0.926,0.111,0.184,91.647,4
spotify:track:2lkoILe1OQOU2nWDQbD55D,"in another life, this may have been different","in another life, this may have been different","inked!",2025-03-28,93308,37,false,31w5z2cwgg4rheemghre3dquiabu,2026-05-26T22:31:11Z,"jazz rap","Inked!",0.308,0.0621,11,-23.293,0,0.0371,0.925,0.618,0.115,0.31,131.832,4
spotify:track:63m4quhcoSHTKlrwVzfZ8H,"NO, THE MOON - HARDTEKK","NO, THE MOON HARDTEKK","pupi;ZXVABEAT",2026-05-06,91475,62,false,31w5z2cwgg4rheemghre3dquiabu,2026-05-28T02:54:03Z,"tekno","VBR",0.556,0.882,4,-1.718,0,0.047,0.382,0.956,0.486,0.244,159.922,4
spotify:track:6ZaiqbV2GfUtrUlhsu58fN,"Step On Me","First Band On The Moon (Remastered)","The Cardigans",1996-01-01,230185,79,false,31w5z2cwgg4rheemghre3dquiabu,2026-05-30T18:06:12Z,"swedish pop","Universal Music AB",0.331,0.471,2,-5.631,1,0.0299,0.00644,0,0.0653,0.142,90.057,4
spotify:track:5VjQTikdqkiKi1XtXTVdc8,"Save Me","Save Me","Chief Keef",2014-04-01,214853,71,true,31w5z2cwgg4rheemghre3dquiabu,2026-05-31T04:35:33Z,"chicago drill,drill","101 Distribution",0.6,0.828,10,-5.322,0,0.0945,0.00344,0,0.363,0.334,124.994,4
spotify:track:5Uc37Y6FijZcM538PqqkWd,"Legendary Lovers","PRISM (Deluxe)","Katy Perry",2013-10-18,224216,84,false,31w5z2cwgg4rheemghre3dquiabu,2026-05-31T04:35:37Z,"pop","Capitol Records (CAP)",0.622,0.839,4,-4.788,0,0.0843,0.0222,0,0.0781,0.403,126.027,4
spotify:track:5CM4UuQ9Gnd6K2YyKGPMoK,"Bad Habit","Bad Habit","Steve Lacy",2022-06-29,232114,74,true,31w5z2cwgg4rheemghre3dquiabu,2026-06-04T01:13:12Z,"","L-M Records/RCA Records",0.686,0.507,1,-7.097,1,0.0357,0.626,0.0000751,0.383,0.69,168.955,4
spotify:track:43iIQbw5hx986dUEZbr3eN,"From The Start","Bewitched","Laufey",2023-09-08,169573,89,false,31w5z2cwgg4rheemghre3dquiabu,2026-06-04T01:13:29Z,"","Laufey",0.554,0.339,1,-10.088,1,0.0779,0.886,0.00128,0.11,0.83,80.994,4
spotify:track:5PjdC2gMATetx5xdnwGUu7,"i wanna be your girlfriend","i wanna be your girlfriend","girl in red",2018-03-02,204990,76,true,31w5z2cwgg4rheemghre3dquiabu,2026-06-05T22:37:54Z,"bedroom pop","world in red",0.541,0.382,7,-14.323,1,0.035,0.0215,0.000836,0.304,0.343,155.901,4
spotify:track:5AGQSF0ytihJyt96K5vW9d,"Heartbeat","Camp","Childish Gambino",2011-11-15,269840,87,true,31w5z2cwgg4rheemghre3dquiabu,2026-06-05T22:40:13Z,"","Glassnote - VMG",0.8,0.545,1,-7.002,0,0.127,0.00373,0.000511,0.0445,0.291,119.959,4
spotify:track:1XcFa5d1qoWdCIICnXlggj,"I Wouldn't Mind","Fall out of Line","He Is We",2017-03-15,200059,66,false,31w5z2cwgg4rheemghre3dquiabu,2026-06-05T22:42:05Z,"","Independent",0.557,0.295,0,-7.583,1,0.0277,0.798,0,0.0951,0.411,108.055,4
spotify:track:11iIikXxC6NP0Ma8vMD27x,"Alien Blues","Gawk","Vundabar",2015-07-24,155933,79,true,31w5z2cwgg4rheemghre3dquiabu,2026-06-05T22:44:37Z,"","Gawk Records under exclusive license to Amuseio AB",0.467,0.757,3,-5.093,1,0.033,0.0807,0.908,0.0876,0.433,82.282,4
spotify:track:1CJRh1pbd0CMDnRqxioeEx,"They Call Me Sonic","They Call Me Sonic","Console Allstars",1996-01-01,198898,63,false,31w5z2cwgg4rheemghre3dquiabu,2026-06-06T01:16:42Z,"europop,nightcore","onetwofour",0.522,0.974,1,-4.437,1,0.0465,0.0624,0.228,0.107,0.713,166.972,4
spotify:track:5bs8OXiOt4BPF2FAnRFP1u,"Heads Will Roll - A-Trak Remix","Heads Will Roll (A-Trak Remix)","Yeah Yeah Yeahs;A-Trak",2009-01-01,383893,75,false,31w5z2cwgg4rheemghre3dquiabu,2026-06-06T01:18:31Z,"indie rock,disco house","Interscope",0.738,0.607,8,-3.933,0,0.0845,0.00746,0.324,0.0699,0.78,131.982,4
spotify:track:7ouhxQWHDAu325U6pEhT1f,"Drift Away Omnichord","Drift Away Omnichord","Trillian",2021-08-13,193018,61,false,31w5z2cwgg4rheemghre3dquiabu,2026-06-06T22:54:55Z,"","The No Label Label",0.187,0.196,7,-13.332,0,0.0339,0.769,0.0701,0.109,0.173,138.334,5
spotify:track:1g8u5MTX5ojGxovGP2kXQ6,"Meant To Be","Meant To Be","Cuntsniffer",2025-11-11,160245,83,false,31w5z2cwgg4rheemghre3dquiabu,2026-06-06T22:56:00Z,"","release.global",0.534,0.956,9,-2.284,0,0.0671,0.024,0.00000336,0.0732,0.663,139.986,4
spotify:track:4SIWF4DUVgWwtL5DjIv3on,"They Call Me Sonic - slowed","They Call Me Sonic (slowed)","Console Allstars",2026-01-23,236534,66,false,31w5z2cwgg4rheemghre3dquiabu,2026-06-07T21:53:14Z,"europop,nightcore","onetwofour",0.637,0.976,8,-4.267,1,0.0371,0.148,0.109,0.179,0.549,140.353,4
spotify:track:10nyNJ6zNy2YVYLrcwLccB,"No Surprises","OK Computer","Radiohead",1997-05-28,229120,88,false,31d6fhjlk623baaktpzzb4qfc75m,2026-06-29T01:29:25Z,"art rock,alternative rock","XL Recordings",0.255,0.393,5,-10.654,1,0.0278,0.0577,0.00361,0.113,0.118,76.426,4
spotify:track:5TRPicyLGbAF2LGBFbHGvO,"Flashing Lights","Graduation","Kanye West;Dwele",2007-09-11,237506,90,true,31d6fhjlk623baaktpzzb4qfc75m,2026-06-29T09:43:46Z,"rap,neo soul","Roc-A-Fella",0.639,0.628,6,-7.578,0,0.0398,0.0381,0,0.386,0.43,90.482,4
spotify:track:7vgTNTaEz3CsBZ1N4YQalM,"Ghost Town","ye","Kanye West;PARTYNEXTDOOR",2018-06-01,271386,82,true,31d6fhjlk623baaktpzzb4qfc75m,2026-06-29T13:10:11Z,"rap,dark r&b,r&b,trap soul","Getting Out Our Dreams, Inc./Def Jam Recordings",0.573,0.545,7,-4.247,0,0.0288,0.0969,0,0.329,0.297,83.378,4
spotify:track:7rbECVPkY5UODxoOUVKZnA,"I Wonder","Graduation","Kanye West",2007-09-11,243440,85,true,31d6fhjlk623baaktpzzb4qfc75m,2026-06-29T13:10:30Z,"rap","Roc-A-Fella",0.542,0.466,0,-8.668,1,0.0824,0.141,0.000444,0.125,0.127,191.386,4
spotify:track:3HHehSGzW9dhs2V7Sod4jX,"Linger","Stars: The Best Of The Cranberries 1992-2002","The Cranberries",2002-09-16,274773,66,false,31d6fhjlk623baaktpzzb4qfc75m,2026-06-29T14:01:55Z,"","Island Records",0.449,0.64,7,-8.707,1,0.0271,0.081,0.0000481,0.34,0.182,94.858,4
spotify:track:6De8sirPzVyAoBDlQpcutY,"misery.","misery.","pupsies",2026-03-18,166401,90,false,31d6fhjlk623baaktpzzb4qfc75m,2026-06-30T01:59:49Z,"hyperpop","Norgates",0.705,0.905,11,-2.676,1,0.0349,0.0985,0.00000201,0.156,0.651,118.694,4
spotify:track:0Op9RhPgFoVhH0iSnD4fw7,"HRT","Reddishness","Girls Rituals",2015-08-18,161867,68,true,31d6fhjlk623baaktpzzb4qfc75m,2026-07-08T17:55:14Z,"","Blacksquares Media",0.621,0.579,7,-7.762,1,0.0388,0.0585,0.234,0.0873,0.23,171.99,4
spotify:track:2pPNAgcdgtRMwK9mPYMK7O,"Cali Man","Rebel","EsDeeKid;Rico Ace",2025-06-20,108307,80,true,31d6fhjlk623baaktpzzb4qfc75m,2026-07-10T14:56:46Z,"","Lizzy Records",0.714,0.834,9,-3.786,1,0.266,0.00395,0.000164,0.226,0.401,194.832,4
spotify:track:554qQSs9lpRVq6TlaaiIKT,"4 Raws","Rebel","EsDeeKid",2025-06-20,146666,87,true,31d6fhjlk623baaktpzzb4qfc75m,2026-07-10T14:58:59Z,"","Lizzy Records",0.614,0.579,6,-7.481,0,0.0443,0.0124,0.608,0.141,0.194,144.041,4
spotify:track:35EfXlRKogBr1RvrkFBMHr,"Wonderwall","(What's The Story) Morning Glory?","Oasis",1995-10-02,258906,65,false,31d6fhjlk623baaktpzzb4qfc75m,2026-07-12T16:25:15Z,"britpop,madchester","Big Brother",0.41,0.854,2,-5.609,1,0.0366,0.00236,0,0.133,0.456,174.584,4
spotify:track:7EAMXbLcL0qXmciM5SwMh2,"Heart To Heart","Here Comes The Cowboy","Mac DeMarco",2019-05-10,211140,84,false,31d6fhjlk623baaktpzzb4qfc75m,2026-07-13T10:12:24Z,"indie,lo-fi indie","Mac’s Record Label",0.901,0.136,8,-16.127,0,0.102,0.667,0.354,0.109,0.643,150.076,4
spotify:track:63q9LqTK5iiZLy3cTvLMUf,"Another One","Another One","Mac DeMarco",2015-08-07,160991,74,false,31d6fhjlk623baaktpzzb4qfc75m,2026-07-13T10:12:47Z,"indie,lo-fi indie","Captured Tracks",0.694,0.407,1,-10.325,0,0.0276,0.823,0.021,0.106,0.719,147.682,4
spotify:track:1WyEXbMQLt9szrhDos1uz8,"On The Square","Here Comes The Cowboy","Mac DeMarco",2019-05-10,209393,69,false,31d6fhjlk623baaktpzzb4qfc75m,2026-07-15T22:59:50Z,"indie,lo-fi indie","Mac’s Record Label",0.679,0.326,4,-14.408,1,0.0283,0.694,0.181,0.147,0.386,76.715,4
spotify:track:3IznIgmXtrUaoPWpQTy5jB,"Not Allowed","Who Really Cares","TV Girl",2016-02-25,167864,85,true,31d6fhjlk623baaktpzzb4qfc75m,2026-07-16T17:06:09Z,"","TV Girl",0.67,0.905,1,-6.855,1,0.129,0.669,0.000227,0.349,0.563,104.965,4
